{
    "nhid": 78,
    "nlayers": 2,
    "dropout": 0.16742720103101572,
    "lr": 0.0008264522888341778,
    "batch_size": 128,
    "weight_decay": 5.140504408792627e-07
}